0,0.6930527468270893,0.013851385712623596,56.0
1,0.6931758228736588,0.013949322104454041,44.0
2,0.6931480297559425,0.01390350580215454,44.0
3,0.6916897296905518,0.0138935387134552,46.0
4,0.6852797277366058,0.013785364627838135,51.0
5,0.6815977722783632,0.013689945340156556,54.0
6,0.6670043928713738,0.01386710286140442,54.0
7,0.6544967618169664,0.014311543703079223,54.0
8,0.6522485198853891,0.01431681752204895,55.0
9,0.6514093928699252,0.014236859083175658,55.0
10,0.6422767888141584,0.013755620121955872,50.0
11,0.6374157222011422,0.014543814659118652,55.0
12,0.6358188888694667,0.014188231229782104,52.0
13,0.6409408352043056,0.01414692223072052,57.0
14,0.6295185089111328,0.014893367886543274,58.0
15,0.6341240670107589,0.014852969646453858,58.0
16,0.6249706390537794,0.015328624844551086,58.0
17,0.6226030889945694,0.013538685441017152,60.0
18,0.619704038281984,0.013458568453788757,55.0
19,0.6279828872861741,0.01301888346672058,56.0
20,0.6152979693835294,0.01393658697605133,56.0
21,0.6153762091564227,0.013558090329170228,59.0
22,0.6136301680456234,0.013177921175956725,58.0
23,0.6106688282157802,0.014094784259796142,60.0
24,0.6149244195298303,0.013462520241737365,59.0
25,0.6098324845108805,0.014077000021934509,62.0
26,0.6116384712955619,0.014567866325378417,61.0
27,0.6084613520887834,0.013453632593154907,60.0
28,0.6001305451876,0.012710867524147034,60.0
29,0.5994214159023913,0.012701911926269531,62.0
30,0.6038700342178345,0.013152505755424499,63.0
31,0.5963301862342448,0.013014891743659973,59.0
32,0.5956678790382192,0.012937974333763123,60.0
33,0.5892243098609055,0.013245977759361267,59.0
34,0.5933303968815864,0.015749658346176146,61.0
35,0.5922633122794235,0.013550301194190978,66.0
36,0.5935644224474702,0.014312275052070618,64.0
37,0.5876283751258368,0.012516430616378783,63.0
38,0.6028633841985389,0.01364527404308319,67.0
39,0.5838399137122722,0.012331300377845765,60.0
40,0.5812053329582456,0.0139697265625,64.0
41,0.5839578094361704,0.012483074069023133,68.0
42,0.5901314706742009,0.012222415804862975,64.0
43,0.5758453252949293,0.012906516790390015,65.0
44,0.5882311629343636,0.012402710914611816,63.0
45,0.5851761672315718,0.012483978867530823,62.0
46,0.5931875026678737,0.012631254196166992,61.0
47,0.5810184143012083,0.01382554590702057,59.0
48,0.5873293340960636,0.012093815803527832,66.0
49,0.5842179957824417,0.012255939245224,66.0
50,0.5770500189141382,0.01230154812335968,64.0
51,0.5814536764651914,0.01235227108001709,65.0
52,0.5782485785363596,0.012631222605705261,67.0
53,0.5727899900720089,0.012354831099510194,63.0
54,0.5854982914803903,0.013458200097084046,67.0
55,0.5831573933740205,0.012222773432731628,64.0
56,0.5690719738036771,0.012371052503585816,68.0
57,0.5757513144348241,0.012197214365005492,65.0
58,0.5720811071275156,0.011938149929046632,66.0
59,0.578479020278665,0.011879592537879943,66.0
60,0.5689787393129324,0.012526592612266541,66.0
61,0.5786692432210415,0.013943147659301759,64.0
62,0.5854526648793039,0.012110395431518555,64.0
63,0.5894204778007314,0.012114216089248658,65.0
64,0.5676752170429954,0.012136055827140809,64.0
65,0.5836535348922391,0.011920334696769714,66.0
66,0.5676849469353881,0.012279866933822632,66.0
67,0.5684907606130913,0.012811609506607056,66.0
68,0.5718373169627371,0.012566103339195252,66.0
69,0.5691477871393855,0.012189226150512695,66.0
70,0.5771098661271832,0.012554607391357421,65.0
71,0.5737065122097353,0.012542515397071838,67.0
72,0.5727506574196152,0.012168554663658142,66.0
73,0.5680588208421876,0.015576990246772766,63.0
74,0.5962130246283133,0.013206629157066345,67.0
75,0.5685773782337769,0.012569387555122375,66.0
76,0.5730110621905025,0.012375210523605346,66.0
77,0.5717091390603706,0.011883324980735778,67.0
78,0.5729659305343145,0.01198044240474701,68.0
79,0.5629341104362584,0.01187226116657257,68.0
80,0.570615946869307,0.01299246072769165,65.0
81,0.5625415791439105,0.013168296813964843,65.0
82,0.5660467162916932,0.013001243472099305,65.0
83,0.5717918612534487,0.014086222648620606,66.0
84,0.5587523323071154,0.012249979972839355,66.0
85,0.5899801661696615,0.012537169456481933,64.0
86,0.5881293514106847,0.011410299241542816,67.0
87,0.5677471111846876,0.012661604285240173,65.0
88,0.5662371976466118,0.011761334538459779,67.0
89,0.5679919327361674,0.012024122476577758,66.0
90,0.5980077880092814,0.014078059792518615,63.0
91,0.5664615227451807,0.012669413089752198,66.0
92,0.5584842117526864,0.013099724650382996,65.0
93,0.5668043098117732,0.012179160714149475,65.0
94,0.5619879414009142,0.011972885727882385,67.0
95,0.5633109668387642,0.01230286955833435,68.0
96,0.5721099327636671,0.011986490488052368,68.0
97,0.5672981935211375,0.01177128791809082,69.0
98,0.5701714708835264,0.011799304485321046,68.0
99,0.5709091323085979,0.01241374909877777,68.0
100,0.5736333939093577,0.012065176367759705,66.0
101,0.5622514369367044,0.012146465182304382,67.0
102,0.5670823982999295,0.011795668005943298,67.0
103,0.574772189689588,0.015831763744354247,64.0
104,0.5686643598954889,0.011576734781265259,67.0
105,0.5660396093809152,0.011836239695549011,67.0
106,0.5564279054539113,0.011728119850158692,68.0
107,0.5709369397616084,0.011951941847801208,67.0
108,0.567523531521423,0.012112447023391724,67.0
109,0.5619034691701962,0.011443676948547364,67.0
110,0.5667592396464529,0.011958745121955872,66.0
111,0.5558357427391825,0.011552243828773498,67.0
112,0.5633065730710572,0.011912058591842651,70.0
113,0.5543135246144065,0.012946542501449585,64.0
114,0.5552863056146646,0.015841585993766786,65.0
115,0.559612194571314,0.012040662169456482,67.0
116,0.5643439451350442,0.012310099005699158,68.0
117,0.5614754949943929,0.013427734375,64.0
118,0.5513326416287241,0.013271193504333496,64.0
119,0.5572596818585939,0.011535340547561645,68.0
120,0.5588659315924102,0.011503876447677612,66.0
121,0.5511493524418601,0.011763813495635987,66.0
122,0.5595941056933584,0.011413564085960387,69.0
123,0.5745163944703114,0.011724954843521119,68.0
124,0.5809376435943797,0.012038836479187012,64.0
125,0.5657680030865005,0.011561059951782226,68.0
126,0.5595798115187054,0.011586477756500244,68.0
127,0.5632746872268145,0.011843166947364807,67.0
128,0.5594471093220047,0.012186033725738525,68.0
129,0.5656760938559906,0.012918037176132203,65.0
130,0.5543232605427126,0.011761834621429443,68.0
131,0.5634888640687435,0.012132553458213806,68.0
132,0.5571592416189894,0.012415900230407714,63.0
133,0.5695986393131788,0.011620389819145203,68.0
134,0.5478247298470026,0.011888227462768554,69.0
135,0.5531460782395133,0.012397661507129669,63.0
136,0.553153389239613,0.011681174039840697,68.0
137,0.5538893368425248,0.012357359528541565,66.0
138,0.5497921573210366,0.012051117420196534,68.0
139,0.5548712581018859,0.011493414044380187,66.0
140,0.5525711574886418,0.011185662150382995,69.0
141,0.5535644477681269,0.013553479313850402,63.0
142,0.5516147319274612,0.01240370273590088,69.0
143,0.562658472151696,0.012019032835960388,66.0
144,0.5477749773218662,0.012056302428245545,68.0
145,0.5513271685642532,0.011019729375839234,68.0
146,0.5460873238648041,0.01211901307106018,67.0
147,0.5568078273459326,0.014776098132133484,65.0
148,0.5542734118202065,0.014494179487228394,66.0
149,0.5514802517770212,0.013882673978805542,64.0
150,0.5653723055803324,0.013279902338981629,63.0
151,0.5509635443928875,0.011450436711311341,66.0
152,0.5648598965210251,0.012129935026168824,63.0
153,0.5528120824807807,0.01220777451992035,68.0
154,0.59467833932442,0.012397307753562927,64.0
155,0.5616955643967737,0.011836575865745545,68.0
156,0.5567480555818051,0.01202282428741455,63.0
157,0.556027672713316,0.011956917643547059,68.0
158,0.5540776528135131,0.011760454177856445,69.0
159,0.5558983057360106,0.011912459135055542,69.0
160,0.5819493981101845,0.011682261824607848,66.0
161,0.5530975932561899,0.011384746432304383,68.0
162,0.5592123390753058,0.012166132926940918,65.0
163,0.5606947892074343,0.012328167557716369,63.0
164,0.5600628188893765,0.011840163469314576,67.0
165,0.5536203154280216,0.01226043701171875,64.0
166,0.5491227647171745,0.01162947416305542,66.0
167,0.564576577913912,0.012407670021057129,64.0
168,0.5499237983287135,0.01198228120803833,64.0
169,0.5529198227803919,0.011671897172927857,67.0
170,0.5545315599139733,0.012192627191543579,65.0
171,0.5475936754594876,0.011728689074516296,64.0
172,0.5698794179324862,0.011757460832595825,67.0
173,0.5708696227284926,0.012635583877563477,65.0
174,0.5789395978179159,0.012535670399665832,62.0
175,0.5632145069067991,0.011321039497852325,67.0
176,0.5634127266799347,0.01222444772720337,67.0
177,0.5500590948364402,0.012174959182739259,68.0
178,0.5500509588024284,0.012536808848381042,66.0
179,0.5544884951808785,0.01333281397819519,61.0
180,0.5549238048776796,0.01210657238960266,68.0
181,0.5577515110939364,0.011865186691284179,65.0
182,0.5467982963670658,0.011990978121757508,63.0
183,0.5535212162929245,0.0118563973903656,68.0
184,0.5487650199027001,0.011065868735313416,68.0
185,0.5470653395109539,0.01143402338027954,68.0
186,0.5540789595887631,0.01387997567653656,64.0
187,0.552110281171678,0.013008105158805848,62.0
188,0.5524835009363633,0.012718517780303955,64.0
189,0.5559033996696714,0.011306315660476685,67.0
190,0.5546781816814519,0.011569371223449707,70.0
191,0.561230556497091,0.01180889904499054,67.0
192,0.5597367018838472,0.011781590580940247,65.0
193,0.5484426991094516,0.011341864466667176,65.0
194,0.5606950495061995,0.012016456723213196,70.0
195,0.5470471370823776,0.012730178236961365,64.0
196,0.5511381071579607,0.011670345664024353,66.0
197,0.5472867436046842,0.012915815711021423,61.0
198,0.5491321267960947,0.012169574499130248,67.0
199,0.5503659116316445,0.011940839290618897,69.0
200,0.5527011491829836,0.011825002431869507,70.0
201,0.5649216461785233,0.0115699303150177,70.0
202,0.556384501200688,0.012017289996147157,69.0
203,0.543658744308013,0.012356435060501098,64.0
204,0.5450169455401505,0.011999014019966125,69.0
205,0.5524951958958106,0.011800724864006042,67.0
206,0.5507673941835572,0.011498141288757324,69.0
207,0.5518312955958934,0.012499079704284669,65.0
208,0.5423517506333846,0.011949623823165894,65.0
209,0.5703632857980607,0.012337182760238647,67.0
210,0.5743297764772102,0.012573210597038269,68.0
211,0.5514646074439906,0.011673784255981446,69.0
212,0.5424205404293688,0.012552101612091065,67.0
213,0.5393589953832989,0.012783327102661134,61.0
214,0.5438166973711569,0.014361609816551208,63.0
215,0.552236589827115,0.012660837173461914,66.0
216,0.5429061081590532,0.017839882373809814,66.0
217,0.5602749963349933,0.012836161851882934,67.0
218,0.554513511023944,0.012216892838478089,67.0
219,0.5413380484037762,0.013343558311462403,63.0
220,0.5427068883105169,0.014378915429115296,62.0
221,0.5487268091757086,0.011661057472229003,67.0
222,0.5442546489118021,0.011722977757453918,65.0
223,0.5418012598647347,0.011490839123725892,69.0
224,0.5467685781702211,0.011337427496910095,68.0
225,0.5408241062224666,0.012568167448043822,65.0
226,0.5411294755301898,0.011719801425933839,69.0
227,0.5381235646296151,0.012455827593803405,65.0
228,0.5529225600671165,0.012686200737953186,63.0
229,0.5533535676666453,0.011083800494670868,65.0
230,0.5404958004438425,0.0115092134475708,65.0
231,0.5373008322866657,0.011511116623878478,68.0
232,0.5528354561781581,0.012118282914161681,66.0
233,0.5452673303175576,0.011766691207885743,65.0
234,0.5427484372748604,0.012195124626159667,69.0
235,0.5617958065829699,0.012031726241111755,66.0
236,0.5348467374149757,0.012725926637649536,68.0
237,0.5350669460206092,0.012086079120635987,65.0
238,0.538279269692264,0.014798070788383483,64.0
239,0.5528538472290281,0.011755928993225098,68.0
240,0.5399056144907505,0.011518194675445556,65.0
241,0.5387923894803736,0.01310149610042572,66.0
242,0.5612915773180467,0.011137968301773072,69.0
243,0.543500899136821,0.011480384469032288,68.0
244,0.5431751307052902,0.011688235402107238,69.0
245,0.5509573843660234,0.011918436288833618,65.0
246,0.5491925183730789,0.011142923533916473,66.0
247,0.533339703384834,0.011881344318389893,65.0
248,0.5461269088938266,0.013241120576858521,65.0
249,0.5424241947976849,0.011533993482589721,68.0
250,0.5365940373909625,0.011381608247756959,68.0
251,0.5528228384784505,0.011437886953353881,65.0
252,0.5376821066005321,0.011540352106094361,67.0
253,0.5431147889245914,0.011429421305656433,65.0
254,0.5360768844809713,0.012211351990699768,68.0
255,0.5543899954874304,0.011961483359336854,65.0
256,0.5338771558260615,0.011680850982666016,65.0
257,0.5399845985672141,0.011459133625030517,68.0
258,0.538455499501168,0.012574475407600403,63.0
259,0.5321920483927184,0.011462658643722534,66.0
260,0.5310679040377653,0.01212748110294342,67.0
261,0.5380192097229294,0.011841859817504883,70.0
262,0.5370357285572004,0.011393100023269653,66.0
263,0.5389974483206302,0.01478890299797058,63.0
264,0.5333930680268928,0.011419070959091187,65.0
265,0.5324177413801604,0.017119327783584593,66.0
266,0.5389269745048089,0.012187729477882386,66.0
267,0.5219678675072102,0.013312301635742187,62.0
268,0.539737973409363,0.015501736402511597,63.0
269,0.5435557289968563,0.015472574830055237,61.0
270,0.5297043297109725,0.013589348196983337,65.0
271,0.5312682778774938,0.012608642578125,64.0
272,0.5308837309668336,0.011757118105888366,65.0
273,0.5224167591408838,0.011795328259468078,68.0
274,0.5316303545915628,0.012054377794265747,66.0
275,0.522677716952336,0.011574957370758057,66.0
276,0.5198802838597116,0.011783081889152527,70.0
277,0.5285581440865239,0.012566176652908325,66.0
278,0.5225480123411251,0.012346498966217041,70.0
279,0.5457139871542966,0.011629081964492798,70.0
280,0.5169389029092426,0.012544013261795044,65.0
281,0.5258499908296368,0.012049794793128968,67.0
282,0.5202511100074912,0.012701406478881835,66.0
283,0.5630079077768929,0.01235412061214447,64.0
284,0.515066194383404,0.015264176726341248,64.0
285,0.543895860261555,0.013342503309249878,63.0
286,0.5217955900898462,0.01202686846256256,68.0
287,0.526900029257883,0.012002741694450378,63.0
288,0.5433604668212842,0.012041696906089782,66.0
289,0.5322567786596999,0.011520398259162902,69.0
290,0.5413947094090378,0.012714191675186157,65.0
291,0.5575967355619503,0.012130665183067322,67.0
292,0.5388569288615939,0.011613665819168091,69.0
293,0.5183533482913729,0.011453971266746521,68.0
294,0.5349232867548738,0.013296025991439819,68.0
295,0.515273044003716,0.012634348273277283,65.0
296,0.5176491492156741,0.011570167541503907,67.0
297,0.5241782084296022,0.013156970143318176,63.0
298,0.5115737820727916,0.011466270685195923,66.0
299,0.5080708570872681,0.014449793696403503,62.0
300,0.5103600885294661,0.011983678936958312,66.0
301,0.5066650853126864,0.01320163071155548,64.0
302,0.5343458305431318,0.013547741174697876,59.0
303,0.5011454703687113,0.011568599939346313,67.0
304,0.5118234334867212,0.014179031252861024,66.0
305,0.5422922440722019,0.013437995314598083,62.0
306,0.5139982375917556,0.014049492478370666,63.0
307,0.5138685405254364,0.012254751324653625,62.0
308,0.5153069560286365,0.011634992957115174,66.0
309,0.5067829584019093,0.011818143725395202,68.0
310,0.5006952904447725,0.011944153308868409,69.0
311,0.5071007496193994,0.012588614821434021,69.0
312,0.5188071244879614,0.011529008150100708,64.0
313,0.5012029809287831,0.012858409285545349,64.0
314,0.5031475481353228,0.012846176028251648,65.0
315,0.5102218910108639,0.012040570974349976,71.0
316,0.5147683363926562,0.011364929676055908,65.0
317,0.5000721974463402,0.011678329706192016,68.0
318,0.4947191967239863,0.012156096696853637,62.0
319,0.49631874810291243,0.011552807092666626,68.0
320,0.5015769823442532,0.013098056316375733,63.0
321,0.5121884168703345,0.011630511283874512,66.0
322,0.5026935772805274,0.012737067937850953,64.0
323,0.5242594608777686,0.012219238877296448,62.0
324,0.49724125258530244,0.01336230218410492,63.0
325,0.5079808963250511,0.013350281715393066,68.0
326,0.5025168317782728,0.015856444239616393,61.0
327,0.4958207411102102,0.012577617168426513,69.0
328,0.4953352356258827,0.017491282224655152,60.0
329,0.5001648747468297,0.012809153199195861,62.0
330,0.49179022410247897,0.011933709383010865,62.0
331,0.49204718312130696,0.012868969440460206,61.0
332,0.5143914396249796,0.013618490099906922,61.0
333,0.4947037968454482,0.012083048820495606,63.0
334,0.5024268925189972,0.013130864500999451,61.0
335,0.5005713395680054,0.011967191100120544,62.0
336,0.49890958546083186,0.011983187794685364,64.0
337,0.5010414251798316,0.012622767686843872,64.0
338,0.4890878638134727,0.012795990705490113,62.0
339,0.4814081505129609,0.014555946588516236,66.0
340,0.4969552317752114,0.01600022256374359,62.0
341,0.4997698400594011,0.012053009271621704,62.0
342,0.4901835586451277,0.0124228036403656,66.0
343,0.4873425866229625,0.013220856785774232,68.0
344,0.5107115722155269,0.011612443327903748,62.0
345,0.486326894050912,0.012100729942321777,62.0
346,0.49465466866010355,0.01209505558013916,64.0
347,0.5058910514734969,0.01202246904373169,67.0
348,0.4936705107175851,0.012173912525177001,63.0
349,0.5032141797150238,0.01486091136932373,66.0
350,0.49541957091681565,0.011899235248565674,63.0
351,0.47714690090734746,0.01233305037021637,68.0
352,0.4791027865832365,0.015477221608161926,64.0
353,0.4759186721300777,0.012480635046958923,57.0
354,0.48663754742356796,0.013890038728713989,55.0
355,0.48336821304091926,0.014729554057121277,60.0
356,0.4856013470812689,0.011595441699028016,64.0
357,0.4797548100918154,0.01253138780593872,62.0
358,0.48389367099049724,0.01251126229763031,60.0
359,0.4811971859086918,0.012755861878395081,61.0
360,0.48857124659079537,0.013727494478225709,61.0
361,0.48777429816089096,0.013778910636901856,63.0
362,0.48403290479998046,0.011945321559906005,63.0
363,0.4713430608375163,0.012848768830299378,68.0
364,0.48546702725977836,0.012328603863716125,63.0
365,0.4673713539974599,0.011924707889556884,61.0
366,0.47531970580921895,0.01283590793609619,65.0
367,0.480387631473662,0.013955528736114503,69.0
368,0.4806668260429479,0.012252880334854126,62.0
369,0.4736380411099784,0.019025223851203917,61.0
370,0.47281241152859943,0.013706576824188233,66.0
371,0.48232229110560837,0.01410455584526062,62.0
372,0.4899798793883263,0.012244484424591064,70.0
373,0.49533494929724103,0.0168189138174057,63.0
374,0.4866501847399941,0.012503753900527954,64.0
375,0.46779174819777286,0.012595702409744263,66.0
376,0.47938680196110206,0.012099100947380067,60.0
377,0.4716611315932455,0.013159733414649964,59.0
378,0.47337160155742986,0.011888461709022522,69.0
379,0.4702128481261338,0.01231288731098175,61.0
380,0.46463523899452597,0.013146569728851318,67.0
381,0.46369252136990996,0.013408358097076417,64.0
382,0.46546891369397125,0.01830686867237091,63.0
383,0.48486650027806244,0.014474536776542663,59.0
384,0.47799806240238724,0.016120309829711913,64.0
385,0.503206924547123,0.012554727792739868,63.0
386,0.5432595331457597,0.012591055035591126,69.0
387,0.5389943017235285,0.011978763341903686,68.0
388,0.5105191322067116,0.012302913069725037,70.0
389,0.48932612621331517,0.013314960598945618,69.0
390,0.48726494251927244,0.013442113399505615,68.0
391,0.46542800566818143,0.012323254942893982,59.0
392,0.4717844321003443,0.013570157289505004,62.0
393,0.47256866436970385,0.013443058133125305,61.0
394,0.477707082334953,0.01274656355381012,65.0
395,0.4983471337753006,0.012722380757331848,69.0
396,0.4624062116387524,0.016703373193740843,62.0
397,0.4707625712020488,0.011710764467716217,67.0
398,0.46139447862588906,0.013223131299018859,56.0
399,0.504716993132724,0.012113519310951233,66.0
400,0.4629770147649548,0.012922580242156983,73.0
401,0.45976378721526906,0.012746459245681763,60.0
402,0.46789225935935974,0.01351381778717041,65.0
403,0.45140687046171746,0.013106921911239624,63.0
404,0.4655690245990512,0.012695635557174683,62.0
405,0.4622335286834572,0.013772329688072205,64.0
406,0.4560930329033091,0.013147243857383728,67.0
407,0.4559712658954572,0.012700855135917663,68.0
408,0.4503042350841474,0.012502135634422302,63.0
409,0.4445288056814218,0.012570564746856689,64.0
410,0.4689473362663124,0.012095292806625366,64.0
411,0.4594090411180182,0.013596915006637574,66.0
412,0.4525925618938253,0.013544749021530151,65.0
413,0.4593088728717611,0.01272017002105713,60.0
414,0.4417051348505141,0.012879809141159057,68.0
415,0.4416571474528011,0.016616319417953492,61.0
416,0.4603073200847529,0.011754770278930664,70.0
417,0.4656916355030446,0.013204517364501954,60.0
418,0.4597985631302942,0.013594774603843689,70.0
419,0.43633212582974495,0.012741032838821411,62.0
420,0.43520193763926057,0.013390820026397705,63.0
421,0.47733452916145325,0.014200075268745423,64.0
422,0.4352500540546224,0.014981037378311158,62.0
423,0.4395916077155101,0.014392430186271668,63.0
424,0.44767874781089495,0.014347261786460876,62.0
425,0.44834078075010564,0.014615002274513244,65.0
426,0.4384619631344759,0.012428815364837647,67.0
427,0.4363461962983578,0.013409627676010132,62.0
428,0.43604119857655294,0.01433148980140686,61.0
429,0.4426550242719771,0.013153879046440125,62.0
430,0.4842615199239948,0.014204366207122803,63.0
431,0.4393412776385682,0.013858833909034729,66.0
432,0.4367940886111199,0.013301877975463868,61.0
433,0.45423651684688615,0.011975083351135254,61.0
434,0.4414599918866459,0.01255543291568756,67.0
435,0.4444799585432946,0.01358285129070282,64.0
436,0.44029371195201633,0.013229522705078125,68.0
437,0.4180690208567849,0.014949020147323609,63.0
438,0.4355395108084135,0.013039246201515198,64.0
439,0.4414086111738712,0.01330697774887085,64.0
440,0.42505218635631514,0.012595117092132568,62.0
441,0.43848946464212635,0.012274092435836792,63.0
442,0.43212060271939146,0.011455060839653015,69.0
443,0.4667079211035861,0.01307605266571045,62.0
444,0.438459287338619,0.014984265565872193,63.0
445,0.44920939546597155,0.014505277872085571,65.0
446,0.41504288436491277,0.014370470643043518,61.0
447,0.4498307467261447,0.012478480339050293,65.0
448,0.43406281101552746,0.014715800285339356,64.0
449,0.41441120942936666,0.016727743148803712,62.0
450,0.4063556507418427,0.013452728986740112,65.0
451,0.42240466158601303,0.013195602893829346,69.0
452,0.426313951045652,0.013335622549057007,58.0
453,0.4244197214706035,0.013303081393241883,60.0
454,0.48384041159967833,0.011588765978813172,63.0
455,0.4484003902990607,0.01293899118900299,62.0
456,0.4255713296087482,0.011821102499961853,64.0
457,0.43342180342613895,0.01335300326347351,67.0
458,0.4215616014184831,0.012975121140480042,59.0
459,0.43781903461564947,0.012910656929016114,68.0
460,0.418875110677526,0.0124740469455719,68.0
461,0.41322657201863544,0.011367802619934081,68.0
462,0.4143179904056501,0.013941817283630371,60.0
463,0.41087092855308627,0.013671178817749024,64.0
464,0.41194902492474905,0.013892248272895813,66.0
465,0.42252683488628534,0.01327065348625183,67.0
466,0.3979354349872734,0.013082368969917298,63.0
467,0.39337645754029477,0.012987688779830933,66.0
468,0.40036552163619027,0.014456343054771423,62.0
469,0.5132757693151885,0.01230711817741394,60.0
470,0.4777784698371646,0.012792580127716065,63.0
471,0.45327313829071914,0.012335153222084045,63.0
472,0.40327333611778066,0.01509307861328125,62.0
473,0.47006743806826917,0.013039575815200806,65.0
474,0.43396430754963355,0.013164071440696716,60.0
475,0.5174195751359191,0.012072205543518066,67.0
476,0.46481889335415033,0.013101032972335815,63.0
477,0.452374489624289,0.013554438948631287,64.0
478,0.43917171751396566,0.01266273021697998,64.0
479,0.4388029884688462,0.015904696583747865,60.0
480,0.40423088586783107,0.017918227910995482,63.0
481,0.4094955147821692,0.0114688378572464,68.0
482,0.42316563408586044,0.012072778344154357,63.0
483,0.41863241904898535,0.01148463249206543,70.0
484,0.4112651608412779,0.013512701392173768,56.0
485,0.42588350629504723,0.013599534630775451,66.0
486,0.40546098464651953,0.011949699521064758,69.0
487,0.39683728278437747,0.01616532862186432,64.0
488,0.3906688950484312,0.01346150517463684,72.0
489,0.39031961333902576,0.013015081882476806,66.0
490,0.38382667604881,0.013976091742515564,63.0
491,0.3971303050653844,0.012864765524864197,68.0
492,0.3969672710835179,0.013647586107254028,64.0
493,0.44674564992325216,0.01443381905555725,66.0
494,0.42156391392780257,0.01735950291156769,65.0
495,0.46066192471528356,0.012189450263977051,64.0
496,0.4217441983615296,0.015780277848243714,65.0
497,0.39139188090457194,0.012057328820228577,65.0
498,0.39336060534549666,0.012908529043197631,73.0
499,0.3921677598470374,0.012194902300834656,69.0
500,0.38348960951913763,0.015723605155944825,63.0
501,0.3792543494248692,0.01597395658493042,65.0
502,0.3754912169673775,0.01272992730140686,66.0
503,0.43846838836428487,0.012635285258293152,63.0
504,0.43735929305040383,0.012004004716873169,65.0
505,0.41838626469237894,0.011785222291946411,72.0
506,0.40773647155942794,0.015081650018692017,65.0
507,0.3921739157242111,0.011877557635307312,66.0
508,0.39608683503126796,0.012924917936325074,65.0
509,0.39205175298678724,0.017713215351104736,64.0
510,0.3831024294412589,0.012827921509742737,69.0
511,0.36920252706431134,0.013012650012969971,70.0
512,0.3779097772851775,0.012417423129081727,66.0
513,0.3807830893540684,0.017177553176879884,59.0
514,0.4932557423658009,0.012228919863700867,63.0
515,0.4837374796595755,0.012011410593986511,66.0
516,0.4707521781136718,0.012937304973602294,65.0
517,0.45627543330192566,0.01480749785900116,62.0
518,0.4537790285635598,0.01297144651412964,60.0
519,0.49112921953201294,0.014335435032844544,62.0
520,0.4417131724236887,0.012619344592094421,59.0
521,0.42411333397973944,0.013921905159950256,66.0
522,0.44443729934813103,0.013548589348793029,66.0
523,0.42239446655104435,0.011966618299484253,64.0
524,0.431673126507409,0.012543914914131165,65.0
525,0.4290007239655603,0.013056400418281554,63.0
526,0.41513078423995003,0.01149168610572815,67.0
527,0.4130852520465851,0.01480226993560791,67.0
528,0.4058737668055522,0.012464459538459777,65.0
529,0.40390212022805516,0.014082225561141968,71.0
530,0.4043382440186754,0.013438483774662018,63.0
531,0.42165444885628134,0.01726602911949158,66.0
532,0.4090969649296773,0.015651711821556093,63.0
533,0.40732648685763156,0.017259764075279235,61.0
534,0.3914279801936089,0.013520562648773193,64.0
535,0.408654718459407,0.013309609293937683,63.0
536,0.407203911226007,0.014019172787666321,64.0
537,0.39975594002989273,0.014553802013397217,63.0
538,0.4240913606142696,0.013044809103012084,59.0
539,0.40259667589694637,0.0121725332736969,70.0
540,0.37942553358741954,0.014089144468307495,68.0
541,0.3982960959024067,0.015315470099449158,61.0
542,0.399757940180694,0.012064818143844604,66.0
543,0.3760221789154825,0.014146487712860107,69.0
544,0.39672752762142616,0.014243735671043397,68.0
545,0.3809099057807198,0.012499908208847046,69.0
546,0.39329331170154525,0.01366568088531494,68.0
547,0.3709361764449107,0.01414045512676239,66.0
548,0.36770782855492606,0.014638130068778992,63.0
549,0.3738741893557054,0.014631156325340271,61.0
550,0.3899260927227479,0.016386066675186158,67.0
551,0.39098825598064857,0.01294999212026596,67.0
552,0.37112532310847995,0.015877307653427125,64.0
553,0.3847848395758037,0.017065248489379882,67.0
554,0.37666199969339975,0.016264705657958983,69.0
555,0.391848675812347,0.01695090115070343,68.0
556,0.3853575000657311,0.016024996042251587,66.0
557,0.37877766241001176,0.014933046102523804,60.0
558,0.38881211680702016,0.012987384796142578,65.0
559,0.3863880660714982,0.01637428641319275,62.0
560,0.400834540400324,0.020903825759887695,66.0
561,0.39291292787352694,0.015954128503799438,53.0
562,0.36831316917757445,0.015561125874519348,66.0
563,0.3739068066772026,0.014220464825630188,72.0
564,0.3591599966151805,0.015868144035339357,66.0
565,0.34738568565513517,0.017725897431373597,66.0
566,0.3610611116584343,0.014461995959281921,72.0
567,0.34942680710478674,0.017430267930030822,69.0
568,0.35505926722212683,0.01435493230819702,61.0
569,0.3884704492137402,0.0160770320892334,68.0
570,0.354750696805459,0.015363830924034119,69.0
571,0.3581935491742967,0.012555114030838012,71.0
572,0.3631466781791252,0.014148589372634888,71.0
573,0.34573834964746164,0.015337097644805908,63.0
574,0.349955537273914,0.012406861186027527,73.0
575,0.35779229994816114,0.014562998414039612,68.0
576,0.35844418199001987,0.013872706294059754,66.0
577,0.3613333226759223,0.018255364298820496,67.0
578,0.3435781826324101,0.015614271759986878,65.0
579,0.36076869089392166,0.014886460900306701,70.0
580,0.35372739954839777,0.011870039701461792,70.0
581,0.3518543846999543,0.01764416038990021,65.0
582,0.3383112172537212,0.01733764708042145,68.0
583,0.3388713503940196,0.016334391832351684,68.0
584,0.3268313000473795,0.019142858982086182,58.0
585,0.3660703369333774,0.013787659406661988,73.0
586,0.31933950717690623,0.015905699133872984,64.0
587,0.34615924313098567,0.014931944608688354,67.0
588,0.32603774493253684,0.017678778767585755,62.0
589,0.3269495477404776,0.012917026281356811,69.0
590,0.32462524236003054,0.011822628676891328,68.0
591,0.33756183597105965,0.01559117078781128,65.0
592,0.3531691330143168,0.01431566834449768,69.0
593,0.33165530577490604,0.015164281129837037,68.0
594,0.3287086198224297,0.017555335760116576,64.0
595,0.3230715226146239,0.01262565553188324,67.0
596,0.3424240629884261,0.017889367938041686,68.0
597,0.3202797568674329,0.015991510152816774,68.0
598,0.31032731563230104,0.013115150332450866,70.0
599,0.35896930041946945,0.01580350935459137,66.0
600,0.31703118338615077,0.014458764791488648,70.0
601,0.3165336990658241,0.024326452016830445,63.0
602,0.35427790993376623,0.020407201051712037,67.0
603,0.3293939853393579,0.015465562343597411,66.0
604,0.32405258337908155,0.026787464618682862,65.0
605,0.44954300417175774,0.014717383980751038,69.0
606,0.36644745702984965,0.01800236403942108,65.0
607,0.3576506564888773,0.02337949872016907,66.0
608,0.3311065235469915,0.017015631794929504,69.0
609,0.34506832459304904,0.022583134770393372,60.0
610,0.37832289028771315,0.013654850721359253,66.0
611,0.32658641964574403,0.017759416103363037,64.0
612,0.31441176899626283,0.013843339085578919,70.0
613,0.32025104289567924,0.015263876914978027,70.0
614,0.3164148051527482,0.01555889904499054,64.0
615,0.29856687482399275,0.017749490141868593,69.0
616,0.3264032325035409,0.01814845025539398,62.0
617,0.3540803716529774,0.016775873303413392,68.0
618,0.2877409763728516,0.022023786306381226,63.0
619,0.32197447649285765,0.017592458724975585,70.0
620,0.3233922378549093,0.013642471432685852,67.0
621,0.3299213451675222,0.014601423740386962,72.0
622,0.30578007237820687,0.0205015230178833,67.0
623,0.33146038104461717,0.020510335564613343,63.0
624,0.2949729588212846,0.019654133319854737,67.0
625,0.30491088670265826,0.01736049175262451,67.0
626,0.284439445107798,0.01830267608165741,67.0
627,0.2956315663796437,0.014716423749923706,63.0
628,0.3123587137913402,0.017460597157478334,69.0
629,0.29012550809715365,0.016959190964698792,67.0
630,0.30301106240175946,0.013454868793487548,68.0
631,0.3310267985621585,0.017369552254676818,71.0
632,0.2971664689764192,0.016620211601257324,68.0
633,0.2736283221954032,0.02141558825969696,68.0
634,0.3012624360338042,0.015400590300559997,66.0
635,0.2798635993577257,0.022347680926322937,68.0
636,0.3348822610664971,0.013237776160240173,67.0
637,0.31409446649913547,0.014646417498588561,70.0
638,0.2701107014583636,0.014578348398208619,72.0
639,0.27693638922292974,0.018724530339241027,66.0
640,0.29847948517225964,0.014817628264427184,71.0
641,0.29591424593442606,0.018798529505729675,68.0
642,0.29078823384604874,0.02183028042316437,61.0
643,0.2904489615672751,0.01809082806110382,68.0
644,0.267624395746219,0.0169561105966568,67.0
645,0.2575815991510319,0.01688296556472778,66.0
646,0.2959992451758324,0.014831578135490417,69.0
647,0.29483741823631,0.017324278950691222,67.0
648,0.261004340799549,0.01555398166179657,72.0
649,0.27124695291247547,0.0183033287525177,67.0
650,0.2898563372937939,0.019244903922080992,64.0
651,0.28815124608293363,0.020183308124542235,60.0
652,0.277899950365477,0.016819527745246886,67.0
653,0.2995237202583989,0.01785967290401459,70.0
654,0.2490198923439919,0.018225960731506348,69.0
655,0.2509797683245019,0.01868574857711792,63.0
656,0.264641180257254,0.018871492743492126,70.0
657,0.2796736536901208,0.014707642793655395,71.0
658,0.27033162777182423,0.01495339274406433,68.0
659,0.26816369819490216,0.01836804687976837,67.0
660,0.27752642673027667,0.0190529203414917,73.0
661,0.24710265367845946,0.016512364745140076,73.0
662,0.2826804773339742,0.023379292488098145,67.0
663,0.28742971752263324,0.01790756344795227,69.0
664,0.2464591428826127,0.021485254764556885,68.0
665,0.2665351350096208,0.015452952980995178,70.0
666,0.2570747840630857,0.019118475317955016,67.0
667,0.2706721907929529,0.01413738250732422,69.0
668,0.28925993906546243,0.017971385717391968,65.0
669,0.2498232092283949,0.016654332876205446,64.0
670,0.24786169864708865,0.015011614561080933,71.0
671,0.25417589009562624,0.02298627734184265,68.0
672,0.2588067973339105,0.022678920030593873,65.0
673,0.29256051137477534,0.019848803281784056,67.0
674,0.25037981569767,0.015874475836753846,69.0
675,0.268961963962905,0.015629427433013918,69.0
676,0.24509537295450137,0.01730424404144287,65.0
677,0.27209476051451287,0.01578492045402527,71.0
678,0.23487931074975413,0.018631696105003356,67.0
679,0.2566096316787261,0.022754050493240356,69.0
680,0.24153560117075715,0.021660674214363098,70.0
681,0.2234032744471031,0.020602995157241823,71.0
682,0.24053103542780574,0.018227646946907042,64.0
683,0.24727339061755169,0.016179540157318116,67.0
684,0.24579342784760874,0.014844889044761658,71.0
685,0.22984112157851835,0.025244940519332886,69.0
686,0.2695517785187009,0.023634366989135742,68.0
687,0.23238843990654884,0.014442046284675597,69.0
688,0.24440806500519377,0.015901051461696625,65.0
689,0.2690102690005604,0.021764233112335205,72.0
690,0.225544205760654,0.020839230418205262,69.0
691,0.210736794279346,0.018977882862091063,70.0
692,0.22070423428770863,0.015476363897323608,70.0
693,0.2260849599408198,0.01929591953754425,63.0
694,0.21406897581830808,0.019110493659973145,72.0
695,0.21101561700335786,0.022235575914382934,70.0
696,0.333344945613342,0.01404395818710327,72.0
697,0.23811278878887998,0.01944844126701355,70.0
698,0.26175325599652305,0.015322652459144593,71.0
699,0.23044155858740023,0.021015647053718566,72.0
700,0.2041627540241314,0.02404880166053772,68.0
701,0.23714241555219964,0.01913871765136719,73.0
702,0.21373304837866675,0.019377449154853822,69.0
703,0.2140353633255898,0.023428305387496948,67.0
704,0.282785776672484,0.015856125354766847,62.0
705,0.3903873479818996,0.014969738125801086,63.0
706,0.35925187076194376,0.015702350139617918,64.0
707,0.3522850646625591,0.01601062297821045,63.0
708,0.34214274038242387,0.013028083443641663,68.0
709,0.33856229861325854,0.014999000430107117,68.0
710,0.37987258049506173,0.011491831541061402,73.0
711,0.32812305266344094,0.012858166098594666,70.0
712,0.31879955360406564,0.013819457292556762,67.0
713,0.3372023984601226,0.01654211699962616,63.0
714,0.30972510783732693,0.014845783710479737,66.0
715,0.29525433801397494,0.01406031608581543,70.0
716,0.2984261890000935,0.015126855969429016,65.0
717,0.27193279243722746,0.013151793479919434,70.0
718,0.28472933682459817,0.013468106985092163,70.0
719,0.28610050659390945,0.017774933576583864,66.0
720,0.3050046817788595,0.016494633555412294,68.0
721,0.28192981662629524,0.013712121844291688,71.0
722,0.2811242121307156,0.0111471027135849,77.0
723,0.2583437194175358,0.01286107897758484,71.0
724,0.2590658753355847,0.017340145111083984,65.0
725,0.25216646624516836,0.02007136344909668,67.0
726,0.23656583699998976,0.01833738386631012,67.0
727,0.24285403931442695,0.01478404998779297,70.0
728,0.23434708578677116,0.015544631481170655,69.0
729,0.2361994900658161,0.020017488002777098,68.0
730,0.23396938247016713,0.01805596351623535,68.0
731,0.25293054007276705,0.016194489002227783,70.0
732,0.281755091268805,0.014922609329223633,72.0
733,0.23556884048105795,0.015215755701065063,70.0
734,0.2521790631964237,0.022737616300582887,64.0
735,0.27819541530518593,0.023611621856689455,65.0
736,0.2735553657329535,0.01849364161491394,66.0
737,0.24644494528257394,0.022133892774581908,65.0
738,0.2447860603091083,0.020634955763816833,65.0
739,0.25957788244078434,0.017167949676513673,71.0
740,0.2241790804870521,0.017455776929855348,68.0
741,0.22259411555302294,0.014407941102981568,68.0
742,0.23610048618497728,0.015432149767875672,69.0
743,0.24279729003393197,0.016427133679389954,71.0
744,0.2334148256650454,0.019168190956115723,68.0
745,0.23870954162712338,0.016652252674102783,70.0
746,0.22884178501141222,0.02153793931007385,64.0
747,0.22116035911478574,0.017610199451446533,69.0
748,0.21627516025983834,0.01797116458415985,69.0
749,0.20857384989533242,0.018966705799102784,69.0
750,0.20344076494250116,0.015742929577827455,71.0
751,0.23077388475590113,0.016631723046302796,72.0
752,0.21067179428248467,0.018789963126182557,71.0
753,0.20625701358046714,0.017851036787033082,74.0
754,0.2286713602422159,0.021201668977737426,61.0
755,0.22376131577582298,0.01600087881088257,71.0
756,0.20208193484363676,0.020018345713615417,70.0
757,0.21446783387962776,0.02417755365371704,62.0
758,0.2581216070470931,0.021142780780792236,66.0
759,0.2228253944010674,0.01715503752231598,64.0
760,0.20833428411544125,0.020645171403884888,68.0
761,0.22303260485582713,0.01670569896697998,69.0
762,0.19367104731028592,0.01936762571334839,65.0
763,0.2162057081166702,0.01948210835456848,70.0
764,0.2020570616933364,0.021838957071304323,69.0
765,0.20818542670222778,0.018839094042778014,69.0
766,0.20088425495579273,0.015847113728523255,71.0
767,0.21232199404813065,0.025986275672912597,67.0
768,0.3079209804912157,0.017027416229248048,72.0
769,0.1955137365037882,0.022388418912887575,70.0
770,0.21608030852637714,0.020425913333892824,70.0
771,0.19578437478859215,0.01510895550251007,73.0
772,0.21333832812460163,0.02091062307357788,67.0
773,0.19138543788768067,0.016773289442062377,71.0
774,0.20226435872572887,0.01918787360191345,70.0
775,0.18942501990101004,0.016959100365638732,68.0
776,0.19370400368035595,0.021002840995788575,70.0
777,0.19719380036562303,0.027542189359664918,69.0
778,0.17468580999706365,0.026263835430145262,66.0
779,0.18910983836726297,0.016746047139167785,69.0
780,0.17907711080735242,0.0190973961353302,68.0
781,0.1938024999786027,0.02675173282623291,67.0
782,0.21783089996138705,0.021113240122795106,72.0
783,0.24042101374155359,0.019072586297988893,68.0
784,0.18783511315719992,0.02319245636463165,68.0
785,0.17376667374297033,0.023683997392654418,68.0
786,0.20371891275236878,0.023874188661575316,71.0
787,0.20564881419833703,0.01922052264213562,69.0
788,0.17345431758255897,0.019868574142456054,72.0
789,0.1684899463117877,0.020088287591934203,69.0
790,0.19281849312254146,0.024474786520004274,63.0
791,0.4153112703109089,0.019101572036743165,69.0
792,0.20511551107032389,0.018143612146377563,68.0
793,0.1772441372652597,0.02380649447441101,67.0
794,0.20029404061504558,0.018292256593704224,73.0
795,0.20361670455600642,0.026794832348823548,69.0
796,0.15592522683400142,0.019233970642089843,68.0
797,0.21342789013929006,0.027404346466064454,62.0
798,0.18643392000017286,0.019119554162025452,70.0
799,0.15011386507296864,0.021040997505187987,68.0
800,0.1854067173185228,0.030146604776382445,65.0
801,0.18190660167344008,0.02320713460445404,70.0
802,0.14772070236975635,0.02561345338821411,68.0
803,0.16668722288140767,0.020400015115737916,71.0
804,0.18680919574785837,0.024648094177246095,59.0
805,0.250757045808095,0.01903480529785156,72.0
806,0.24489530534306658,0.021085851788520814,68.0
807,0.1934524313369884,0.016561561822891237,70.0
808,0.19310119616079935,0.02228803277015686,70.0
809,0.202743443224249,0.014981348514556885,75.0
810,0.18410703049430363,0.02357776343822479,68.0
811,0.15636875716191304,0.02182130753993988,70.0
812,0.18597894520321978,0.030239343643188477,61.0
813,0.47446019400524186,0.01592003047466278,64.0
814,0.3870693103799337,0.017527310252189635,61.0
815,0.3447245930946326,0.01342044711112976,68.0
816,0.3381762600775006,0.013015077710151672,69.0
817,0.31454923730107803,0.015209531784057618,64.0
818,0.3446039329223995,0.01540661633014679,66.0
819,0.3184162793280203,0.021552878618240356,63.0
820,0.3132417447204831,0.014694851636886597,67.0
821,0.3084049922756002,0.016685996055603027,63.0
822,0.3004419026495535,0.014378223419189453,67.0
823,0.3046130992566483,0.013981488943099975,65.0
824,0.2793213985388792,0.015115659236907959,65.0
825,0.2876630159495752,0.016070238947868347,67.0
826,0.2830737186006353,0.018189769983291627,65.0
827,0.2970026752239541,0.019368010759353637,63.0
828,0.29663061077081704,0.016208584308624267,65.0
829,0.29212321473073355,0.016978898644447328,69.0
830,0.2751663732755033,0.013552366495132447,67.0
831,0.2902676763036583,0.01627617120742798,66.0
832,0.26110264941861355,0.016074986457824708,68.0
833,0.2718590845035601,0.020472834110260008,64.0
834,0.27545575665522226,0.01984952747821808,68.0
835,0.29566997101035297,0.01690989315509796,65.0
836,0.25781374377540395,0.020091258883476258,64.0
837,0.25949519287936296,0.014299891591072082,72.0
838,0.25944029926499235,0.01956539511680603,66.0
839,0.23821430417555797,0.01710887610912323,68.0
840,0.23201547487627103,0.015154168009757996,69.0
841,0.2385615847910507,0.01780784726142883,68.0
842,0.28110103101669986,0.011951582133769989,68.0
843,0.27564817516109613,0.020337889790534972,66.0
844,0.25048188789735865,0.014474886059761048,71.0
845,0.22596607725077036,0.012743531763553619,72.0
846,0.2229653674213192,0.01686095118522644,71.0
847,0.22707446051549307,0.02103968322277069,66.0
848,0.23120080764535106,0.01659264087677002,70.0
849,0.22760997759767726,0.01831734597682953,70.0
850,0.248467458765718,0.020065250396728514,67.0
851,0.21492460841619515,0.017131493091583253,67.0
852,0.2293438739791701,0.01922212839126587,66.0
853,0.21137737831737421,0.02198628067970276,69.0
854,0.27522869426992874,0.014599685072898865,71.0
855,0.2213453929635543,0.01630149483680725,69.0
856,0.25676621378788467,0.020427809953689577,71.0
857,0.20420807713194739,0.020886272192001343,66.0
858,0.2586082672771019,0.016673176884651184,67.0
859,0.20222549291351175,0.014714977145195008,67.0
860,0.2030444279124465,0.01930159091949463,72.0
861,0.1927677925817574,0.020403589010238646,69.0
862,0.18999644208557998,0.01703969180583954,73.0
863,0.20285935002037242,0.022666375637054443,65.0
864,0.2127353359438196,0.016809912323951723,75.0
865,0.20142288609773298,0.023179057240486144,68.0
866,0.18943787356720695,0.014952452182769775,70.0
867,0.191702885529663,0.020257195830345152,70.0
868,0.2215521563834782,0.016414266228675842,71.0
869,0.18750995605052273,0.016726006865501405,65.0
870,0.2634436826728567,0.019707929491996765,65.0
871,0.18733780067178268,0.019214614629745483,70.0
872,0.2025542965606798,0.018307421803474427,68.0
873,0.19423651299144648,0.02288072943687439,66.0
874,0.19184254392792907,0.021459469199180604,66.0
875,0.1644709582758855,0.019979363679885863,69.0
876,0.20348532601625105,0.020673136115074157,68.0
877,0.18077645064154757,0.019599977135658263,70.0
878,0.20509940857374215,0.01815733075141907,70.0
879,0.1982480477117285,0.02069061517715454,69.0
880,0.179664547401893,0.023224669694900512,68.0
881,0.21658179314830636,0.017947577834129334,69.0
882,0.1606974348991732,0.016579923033714295,71.0
883,0.199753199197069,0.019175646901130675,70.0
884,0.21893204088452495,0.017953778505325316,72.0
885,0.19850460741716094,0.022245797514915466,70.0
886,0.1817098253324062,0.017411857843399048,70.0
887,0.16268287910313545,0.021571720838546752,68.0
888,0.17952542252178433,0.01872464656829834,71.0
889,0.16217565989192528,0.019309828281402586,68.0
890,0.1530548253014118,0.01723506808280945,74.0
891,0.15862114350252512,0.018080600500106812,73.0
892,0.18673982424072072,0.017913764119148256,70.0
893,0.19353670381669758,0.016431484818458558,72.0
894,0.17269358661355852,0.027042220830917358,55.0
895,0.18224547610064096,0.018825998306274416,71.0
896,0.17092570624774014,0.015061315894126893,69.0
897,0.21743348938754842,0.01915653347969055,74.0
898,0.1465865754628483,0.0227326637506485,70.0
899,0.15427542449552803,0.020364648103713988,71.0
900,0.15606664771897882,0.022511595487594606,67.0
901,0.18824079760079143,0.020753793716430664,69.0
902,0.15024096575341647,0.020308132767677307,70.0
903,0.14792013323948353,0.020118044018745423,68.0
904,0.20890958333694482,0.021457350254058837,72.0
905,0.16544542367322534,0.021708232164382935,69.0
906,0.1525241458151914,0.019829801321029662,66.0
907,0.1757182681202134,0.020707722306251525,73.0
908,0.13149586596962395,0.02160695195198059,71.0
909,0.13979637009810797,0.021130893230438232,71.0
910,0.19084089702065987,0.020903964042663575,71.0
911,0.1646894799380363,0.02113698422908783,73.0
912,0.15184497116487236,0.027574265003204347,69.0
913,0.14558255587574803,0.021739293336868287,68.0
914,0.14546016377361515,0.02026739776134491,67.0
915,0.18418615386833118,0.025853666067123412,69.0
916,0.14149043963679783,0.025765445232391358,66.0
917,0.1558796215472342,0.02700124979019165,63.0
918,0.17058226400161092,0.02221912920475006,67.0
919,0.1542547752585592,0.023752373456954957,66.0
920,0.14416251614501205,0.023323025107383728,70.0
921,0.12302994801179518,0.02264813184738159,66.0
922,0.19908042176614835,0.02011136770248413,67.0
923,0.15041834662986708,0.020759183168411254,69.0
924,0.1300814015012753,0.02210371971130371,72.0
925,0.1548281635476064,0.02515170931816101,72.0
926,0.14243327307550213,0.021233032941818237,68.0
927,0.12211570874611034,0.01945906400680542,67.0
928,0.1323149166058136,0.02593648314476013,68.0
929,0.1119644467754266,0.02456682324409485,71.0
930,0.13236450215306464,0.025413599014282227,70.0
931,0.14887436224689968,0.0252992308139801,69.0
932,0.180671128291118,0.019993685483932495,70.0
933,0.12093611570853222,0.024657264947891236,68.0
934,0.14851632648253743,0.024567540884017944,71.0
935,0.12704104543486727,0.028441808223724364,70.0
936,0.11552680873229534,0.02119237422943115,70.0
937,0.1597959900015517,0.028242114782333374,69.0
938,0.14088454361580596,0.031292595863342286,66.0
939,0.17661303526993039,0.020717225074768066,71.0
940,0.11787719383269926,0.026728283166885376,67.0
941,0.12704640494871744,0.030013525485992433,59.0
942,0.5857368447358096,0.01904061496257782,63.0
943,0.37374932328356975,0.018694822788238526,63.0
944,0.33305274515966826,0.01935455560684204,67.0
945,0.24667419512060623,0.01662342369556427,67.0
946,0.21711225090902062,0.016026403307914733,66.0
947,0.2564287576117093,0.01717085301876068,69.0
948,0.21595449311823783,0.01634951651096344,67.0
949,0.1960017259551,0.019238197803497316,70.0
950,0.24179019524326809,0.019051830172538756,66.0
951,0.20595686562076398,0.017255303263664246,67.0
952,0.2063001703612412,0.01665258765220642,70.0
953,0.18619846015036862,0.017083352208137514,69.0
954,0.18436835479887226,0.019756613969802855,67.0
955,0.2050344579016106,0.020866697430610658,64.0
956,0.19610555432265317,0.018497583866119386,69.0
957,0.1667806476920466,0.020446034073829653,68.0
958,0.24028473554909985,0.01609607756137848,73.0
959,0.191322009114525,0.012157919108867645,72.0
960,0.16451189044532896,0.018884764909744264,67.0
961,0.22360216826200485,0.015944457054138182,67.0
962,0.16770681239004376,0.01887180030345917,70.0
963,0.15231380158964591,0.01752136468887329,66.0
964,0.20590520678441734,0.020887945890426637,68.0
965,0.1781132201416583,0.019862576127052306,66.0
966,0.16849868810629542,0.020697200298309328,73.0
967,0.15969253274836118,0.02126750409603119,66.0
968,0.15265367283851286,0.020749544501304628,70.0
969,0.2010605474816093,0.028167028427124024,62.0
970,0.2359367266674585,0.01823228657245636,73.0
971,0.13790456040561955,0.020341484546661376,68.0
972,0.16583314566295357,0.02029823958873749,61.0
973,0.16923454446317274,0.028157066106796264,65.0
974,0.13155665607014788,0.025993564128875733,70.0
975,0.1520234976388231,0.01992543160915375,71.0
976,0.1510927340463747,0.02479369640350342,70.0
977,0.1757969955288911,0.01757802963256836,69.0
978,0.1362376740273041,0.021054343581199647,63.0
979,0.14132483874129342,0.018990823030471803,69.0
980,0.13687662803862669,0.024092625975608826,70.0
981,0.12622527198135097,0.024147441387176515,68.0
982,0.12300256205887734,0.018692392706871033,74.0
983,0.14199620164647886,0.019476970434188844,75.0
984,0.12880285272869882,0.01917752981185913,74.0
985,0.2007913766782495,0.02113699197769165,71.0
986,0.12597864121198654,0.03430358409881592,63.0
987,0.16043453385369688,0.027307415008544923,69.0
988,0.14850287167709084,0.020514119863510132,66.0
989,0.1540510321059559,0.020266982913017272,71.0
990,0.11543769379959831,0.021695513725280762,74.0
991,0.10824023819045175,0.02761602997779846,69.0
992,0.1869988108548937,0.02758667230606079,67.0
993,0.12194813236216956,0.021707054376602173,71.0
994,0.09923297265851044,0.023517006635665895,68.0
995,0.10751845767792267,0.024147439002990722,73.0
996,0.11675977433406853,0.022304222583770753,69.0
997,0.1283815881308121,0.03024906277656555,73.0
998,0.10956189498493943,0.018323450088500975,76.0
999,0.0971830190642725,0.01975348114967346,70.0
1000,0.1322943760152859,0.02498174250125885,68.0
1001,0.10143917869729331,0.02225030481815338,70.0
1002,0.11829602251513095,0.025770447254180907,67.0
1003,0.10122511733936358,0.03456874251365662,64.0
1004,0.15345905089302908,0.019009284377098083,66.0
1005,0.1469595978343034,0.024112114906311034,65.0
1006,0.13422511607597146,0.022129814624786377,65.0
1007,0.11984187515476082,0.02236577570438385,70.0
1008,0.12290015797826308,0.028852345943450926,74.0
1009,0.16734893539849716,0.02524762213230133,73.0
1010,0.09335960150708127,0.01849609851837158,66.0
1011,0.11335704480356808,0.025235643386840822,70.0
1012,0.10685042857746535,0.027611087560653686,65.0
1013,0.11178124549834034,0.02358053207397461,64.0
1014,0.13736998869837086,0.022666817903518675,71.0
1015,0.1233969253924074,0.026634397506713866,70.0
1016,0.1367748336088431,0.024703614711761475,73.0
1017,0.09184271875250188,0.019359478950500487,70.0
1018,0.11362343488992015,0.02222281098365784,68.0
1019,0.2001328747955304,0.020038670301437377,70.0
1020,0.1052138304125659,0.02411467730998993,65.0
1021,0.09368524162829676,0.026551029682159423,70.0
1022,0.15281752077273175,0.02018645167350769,66.0
1023,0.1151823675896548,0.026681452989578247,72.0
1024,0.10340178592861453,0.0221479731798172,75.0
1025,0.11708528147656706,0.02273850202560425,70.0
1026,0.08164181225473367,0.02102022707462311,71.0
1027,0.08178718626216243,0.03467194676399231,68.0
1028,0.10849729293509375,0.029206955432891847,70.0
1029,0.09783294594174699,0.02427403450012207,67.0
1030,0.12777803390275075,0.024472712874412536,72.0
1031,0.08955623775343352,0.02223374605178833,68.0
1032,0.2314762009567098,0.027698906660079955,65.0
1033,0.1774669337687613,0.028479777574539185,66.0
1034,0.10570294400559196,0.023644145727157593,74.0
1035,0.08724725555298449,0.021007592678070067,68.0
1036,0.1361105672637873,0.02687317371368408,68.0
1037,0.10860257855133165,0.030481462478637696,72.0
1038,0.0771468552301013,0.02779183745384216,71.0
1039,0.08914987771194192,0.026799980998039246,67.0
1040,0.06650950919978227,0.02939608335494995,69.0
1041,0.07055021152843403,0.027017297744750975,71.0
1042,0.08376862563758711,0.02337287485599518,71.0
1043,0.07696025545084023,0.028699278235435485,65.0
1044,0.15371786986913863,0.03159006714820862,70.0
1045,0.07430173423659953,0.024961296319961548,67.0
1046,0.08489812842181212,0.03390551090240478,68.0
1047,0.1472851582154443,0.029866807460784912,68.0
1048,0.07688162695097772,0.02244974732398987,73.0
1049,0.1565620279576205,0.022233306169509887,71.0
1050,0.129809718013187,0.026371986865997316,73.0
1051,0.08333540509773206,0.0263231760263443,70.0
1052,0.16333501663389086,0.0188688200712204,74.0
1053,0.09419901626585406,0.028011285066604615,68.0
1054,0.06335671616223039,0.02538204550743103,75.0
1055,0.06258834021378167,0.02347481369972229,73.0
1056,0.055990201149937475,0.030227872133255004,71.0
1057,0.0617550807663157,0.024736655950546263,72.0
1058,0.06778804882417751,0.024313395023345948,69.0
1059,0.07499627651104444,0.02607012391090393,69.0
1060,0.0788597793235809,0.03529302716255188,65.0
1061,0.30247691922078407,0.029582186937332153,64.0
1062,0.06548033220858514,0.03063310146331787,69.0
1063,0.0644558846620442,0.024259002208709718,73.0
1064,0.05992184789214708,0.02237528085708618,69.0
1065,0.1715117353898815,0.028036119937896727,71.0
1066,0.0786067141054929,0.02378251254558563,65.0
1067,0.1572087833398505,0.02230144739151001,72.0
1068,0.05321058956316755,0.024067610502243042,74.0
1069,0.06287534942826893,0.027843648195266725,74.0
1070,0.1047509774754319,0.025861462354660036,71.0
1071,0.06534979405188107,0.03615219831466675,67.0
1072,0.1479581532693362,0.0296834397315979,70.0
1073,0.0639960909545233,0.02751620888710022,70.0
1074,0.053341109777175925,0.02795458436012268,72.0
1075,0.07359858394800863,0.02718315362930298,68.0
1076,0.06617006746745563,0.027745906114578247,66.0
1077,0.05864418781350685,0.023785423040390014,67.0
1078,0.0736344349393739,0.026973763704299925,71.0
1079,0.06195173614151493,0.03457791805267334,67.0
1080,0.09074088997101482,0.056810030937194826,58.0
1081,0.6071815256831012,0.023297958374023438,69.0
1082,0.3600610637966591,0.01836127758026123,64.0
1083,0.33009882346738745,0.018956992626190185,65.0
1084,0.2637859140110167,0.021008249521255493,72.0
1085,0.3066467125959034,0.01639719009399414,74.0
1086,0.24662273990202555,0.01704845666885376,69.0
1087,0.2578391170577158,0.01595729053020477,66.0
1088,0.23329277581806424,0.01878072440624237,72.0
1089,0.22599210816470883,0.02521310091018677,69.0
1090,0.21595768262691137,0.020776819586753845,64.0
1091,0.2178653653098058,0.019908437728881834,67.0
1092,0.21340385277437257,0.021429049372673033,69.0
1093,0.21653475999077665,0.020889514088630677,71.0
1094,0.1996258263346515,0.020593898892402648,65.0
1095,0.21678673391100728,0.019436951875686646,67.0
1096,0.2582442796305765,0.021670891046524046,72.0
1097,0.21479881026699574,0.015890432596206663,60.0
1098,0.21576437712470187,0.022281100749969484,69.0
1099,0.2055577034059959,0.01874656796455383,66.0
1100,0.18790256741303432,0.020083170533180237,64.0
1101,0.18708074866216393,0.023455262184143066,71.0
1102,0.16872577887924411,0.024981808066368103,68.0
1103,0.16502262651920319,0.022217496633529663,69.0
1104,0.1664828438358971,0.01897990584373474,68.0
1105,0.16369745720036422,0.022380318641662598,68.0
1106,0.14434706028315086,0.020367786288261414,73.0
1107,0.13242503368779074,0.021762921810150146,66.0
1108,0.1291170721001263,0.024325226545333863,66.0
1109,0.12781422920053517,0.023588271141052247,72.0
1110,0.17039559724964673,0.0207129031419754,69.0
1111,0.14825109232075606,0.022509361505508422,69.0
1112,0.1116456641237947,0.023623231649398804,68.0
1113,0.11016533519082432,0.02324485659599304,67.0
1114,0.1123294402621215,0.024868645668029786,63.0
1115,0.43164880290816104,0.01728261709213257,67.0
1116,0.26813162353974357,0.017766241431236268,71.0
1117,0.23611429522309121,0.02386505961418152,65.0
1118,0.16520391904477832,0.020618292093276976,66.0
1119,0.1772752703179287,0.01666005849838257,67.0
1120,0.13510750781131697,0.022980623245239258,66.0
1121,0.14415933795367616,0.021777483224868773,72.0
1122,0.11485986845402778,0.02196996510028839,70.0
1123,0.13349991527539265,0.019899652600288392,68.0
1124,0.12155779710487474,0.022385693788528442,66.0
1125,0.11154624621702146,0.017796515226364135,73.0
1126,0.09630103230099135,0.028827874660491942,62.0
1127,0.1296621291556313,0.020305843949317934,70.0
1128,0.09899257538439352,0.019570403695106507,64.0
1129,0.09289186381841008,0.02307958483695984,72.0
1130,0.08291801880997947,0.02038572609424591,68.0
1131,0.0853952245338808,0.023376660346984865,67.0
1132,0.15254231891300105,0.025664272308349608,73.0
1133,0.0852261343617228,0.025316628217697142,64.0
1134,0.22563814211495314,0.031081936359405517,65.0
1135,0.14789688918456623,0.02319733202457428,74.0
1136,0.0755033863684799,0.02177294611930847,73.0
1137,0.07109195385364038,0.02664175033569336,70.0
1138,0.10266217103675951,0.02630070149898529,66.0
1139,0.10745662318754799,0.027640483379364013,76.0
1140,0.07975039588688296,0.02165153086185455,67.0
1141,0.08102682921328122,0.035105612277984616,64.0
1142,0.2747920294634149,0.03294379591941834,68.0
1143,0.07272551541181305,0.028958550691604613,67.0
1144,0.07231283638201937,0.02671874761581421,69.0
1145,0.06271325678953642,0.025282341241836547,72.0
1146,0.04905325433687319,0.02837513566017151,66.0
1147,0.07991134295169311,0.030737258195877075,70.0
1148,0.19020486481582063,0.028070679903030395,68.0
1149,0.0574247447797392,0.023527291417121888,71.0
1150,0.16406226177004318,0.03921244621276856,54.0
1151,0.22178365573098388,0.022979483604431153,70.0
1152,0.060149428363936615,0.028029255867004395,70.0
1153,0.04898650891182921,0.029553205966949464,68.0
1154,0.05104957174368297,0.028555328845977782,72.0
1155,0.043763279207522356,0.032786539793014526,70.0
1156,0.0491940087131873,0.03701582670211792,65.0
1157,0.15227885874389094,0.022280761599540712,74.0
1158,0.1731868815148556,0.026533979177474975,67.0
1159,0.049049753318481805,0.026566450595855714,69.0
1160,0.05487692332531832,0.02799635410308838,70.0
1161,0.05880339993046054,0.03617953777313233,63.0
1162,0.21081611386771443,0.02644729971885681,68.0
1163,0.08789360254437109,0.029531599283218385,68.0
1164,0.04354194987895368,0.02944965600967407,65.0
1165,0.05593311543800408,0.028514388799667358,65.0
1166,0.25852350626565235,0.04097066164016724,62.0
1167,0.13720660602461687,0.027494395971298217,67.0
1168,0.042616734964938105,0.02409885585308075,70.0
1169,0.041144789019717444,0.026462205648422242,71.0
1170,0.042787663072724885,0.027480430006980895,74.0
1171,0.041748042748887326,0.027798726558685302,69.0
1172,0.04014684217451494,0.026357642412185668,70.0
1173,0.07983714096908327,0.026008977890014648,66.0
1174,0.056128109392674666,0.028659937381744386,74.0
1175,0.12835313191142264,0.037907540798187256,68.0
1176,0.29096674126914784,0.02685846447944641,71.0
1177,0.05219602028403101,0.02940822720527649,70.0
1178,0.04046536600099334,0.02988680958747864,70.0
1179,0.03755115229589275,0.028657065629959108,74.0
1180,0.038908224199203,0.033372275829315186,65.0
1181,0.04046446677957532,0.03222704291343689,71.0
1182,0.03810351430379515,0.030412818193435668,71.0
1183,0.040683311528137214,0.02746585488319397,70.0
1184,0.04201230574163455,0.035864944458007815,69.0
1185,0.04022564229708683,0.027690341472625734,68.0
1186,0.035659134128614316,0.029368937611579896,69.0
1187,0.20900720763432828,0.03525887370109558,64.0
1188,0.30978085473179817,0.03305708169937134,65.0
1189,0.052980830114853536,0.0246367084980011,73.0
1190,0.04744825896488715,0.030183815956115724,68.0
1191,0.03573087751393831,0.027786933183670044,69.0
1192,0.03784446493734287,0.023451715111732482,70.0
1193,0.0444061279626964,0.03150285482406616,72.0
1194,0.06331009743145749,0.031845959424972536,70.0
1195,0.03882588108977939,0.03555389881134033,69.0
1196,0.19688452695366704,0.03444766521453858,52.0
1197,0.4312361744762976,0.019621183872222902,67.0
1198,0.16192564471990248,0.019732991456985472,68.0
1199,0.14237719463019433,0.022639373540878294,67.0
1200,0.14961618609443494,0.02584951162338257,68.0
1201,0.14935350597282,0.02395345687866211,71.0
1202,0.1297380816710146,0.025653895139694214,66.0
1203,0.1099488814420338,0.023338418006896972,67.0
1204,0.09347937765377987,0.03222132802009583,68.0
1205,0.1158183968708485,0.02790961563587189,68.0
1206,0.1281766964570631,0.02720950961112976,66.0
1207,0.1576539472311358,0.025360037088394165,71.0
1208,0.11070934310555458,0.025618680715560914,68.0
1209,0.08288320408591741,0.028103071451187133,67.0
1210,0.0882937517252904,0.022521322369575502,74.0
1211,0.11724477923251217,0.023212756514549255,69.0
1212,0.19193037929414195,0.02533015489578247,70.0
1213,0.085215430199817,0.026518800258636475,75.0
1214,0.06852760514881037,0.023613524436950684,72.0
1215,0.0895522885095281,0.03232182741165161,68.0
1216,0.12390347919132136,0.026756197214126587,73.0
1217,0.11747120707472668,0.026642183065414427,73.0
1218,0.06097404606923272,0.029601770639419555,72.0
1219,0.08703839078639881,0.025522119402885436,70.0
1220,0.0740730087921212,0.027614419460296632,69.0
1221,0.07925437992037851,0.026644519567489623,68.0
1222,0.09826233077652846,0.024176107048988343,71.0
1223,0.08067683866129646,0.02205849885940552,63.0
1224,0.158507539619562,0.02726586699485779,70.0
1225,0.09003666752972934,0.0294493305683136,70.0
1226,0.06196074911593637,0.02261753976345062,71.0
1227,0.07191642517624777,0.027579253911972045,69.0
1228,0.06261487774362293,0.0331797194480896,73.0
1229,0.07972355776383908,0.024651510715484617,70.0
1230,0.1407835394191214,0.019323956966400147,66.0
1231,0.07153595584338601,0.031422820091247555,68.0
1232,0.14460363712963425,0.03852585554122925,65.0
1233,0.5216477139841152,0.029725722074508666,69.0
1234,0.2965842389230487,0.02707115650177002,70.0
1235,0.26370346159497393,0.020512577295303345,68.0
1236,0.25550984713850144,0.024127607941627504,68.0
1237,0.21307899350229698,0.02428929924964905,64.0
1238,0.22301004666693602,0.024842364788055418,70.0
1239,0.192327827403817,0.021343877911567687,64.0
1240,0.25349959334995176,0.02766316294670105,67.0
1241,0.11432594216511219,0.02306268572807312,65.0
1242,0.10608982030726687,0.023271036744117738,74.0
1243,0.06266454887823968,0.02661926031112671,68.0
1244,0.060574442313253124,0.027073863744735718,72.0
1245,0.05886944699325139,0.028417234420776368,73.0
1246,0.05927989572946784,0.022938424348831178,64.0
1247,0.05168006493698193,0.028572661876678465,73.0
1248,0.10304987836110441,0.03532183766365051,70.0
1249,0.1579425974831551,0.028379396200180054,72.0
1250,0.060234518816010864,0.029034740924835205,66.0
1251,0.08723423203241222,0.027964245080947876,69.0
1252,0.061412856371813936,0.02661351442337036,68.0
1253,0.04963236020382824,0.03080732226371765,70.0
1254,0.059341631641116326,0.03339100480079651,68.0
1255,0.08356322741866866,0.02949881911277771,69.0
1256,0.061818494543999056,0.031384968757629396,69.0
1257,0.11077196334924878,0.026242512464523315,71.0
1258,0.07311745320411422,0.02637103319168091,68.0
1259,0.05834408967366701,0.02765820860862732,71.0
1260,0.056689864283875575,0.02711388111114502,69.0
1261,0.07102555763330075,0.03165386438369751,70.0
1262,0.22172594341579116,0.04225677728652954,63.0
1263,0.17418807094232946,0.023568049669265748,71.0
1264,0.1746654432219795,0.0248761248588562,74.0
1265,0.07437908783837964,0.024171899557113647,73.0
1266,0.07750928878218313,0.02315139174461365,74.0
1267,0.07556391776173929,0.02884653091430664,73.0
1268,0.08526274929695492,0.025489418506622313,65.0
1269,0.23623499835405168,0.028917083740234373,73.0
1270,0.07368124224528481,0.024059470891952515,73.0
1271,0.061895426126975045,0.03195259571075439,70.0
1272,0.13300022136278544,0.03372464656829834,71.0
1273,0.0713363220514376,0.024698150157928467,67.0
1274,0.10461246931948993,0.022601056694984436,69.0
1275,0.1364890971291763,0.045817949771881104,66.0
1276,0.20349573822621303,0.026418530941009523,72.0
1277,0.06635782558801054,0.026726030111312866,72.0
1278,0.05449421814631058,0.026936130523681642,71.0
1279,0.06337494273446029,0.025519585609436034,71.0
1280,0.07115286447202103,0.02466143250465393,71.0
1281,0.18393369775878476,0.03166316509246826,65.0
1282,0.10105986638536936,0.0273471462726593,70.0
1283,0.05277370890201647,0.031585835218429566,70.0
1284,0.04809996844092502,0.03099042534828186,68.0
1285,0.059390538100954855,0.031563755273818966,72.0
1286,0.05081596067528936,0.028662282228469848,70.0
1287,0.16147566068021557,0.02804456353187561,76.0
1288,0.0685228765028517,0.0285892128944397,70.0
1289,0.043976466159654566,0.03277267575263977,67.0
1290,0.040018819095684756,0.026427928805351258,74.0
1291,0.04688013736394387,0.031621637344360354,73.0
1292,0.06897969812720636,0.02802846670150757,74.0
1293,0.11295900309953509,0.03946020245552063,60.0
1294,0.3310157225667676,0.0277156400680542,69.0
1295,0.09754622619174703,0.02879237174987793,72.0
1296,0.0629164467601082,0.02901599049568176,70.0
1297,0.04296144055603426,0.03304863452911377,68.0
1298,0.07309361474140535,0.031501652002334596,71.0
1299,0.039758234084406985,0.02977064371109009,74.0
1300,0.036609556172278866,0.029106295108795165,74.0
1301,0.04196869930889033,0.032211859226226804,70.0
1302,0.050346097213369384,0.03369382977485657,69.0
1303,0.21788497786686012,0.027995102405548096,70.0
1304,0.03947687046484479,0.04017834424972534,66.0
1305,0.13317461587677273,0.033157354593276976,66.0
1306,0.14363890698863357,0.026056872606277467,68.0
1307,0.04137422285879715,0.024525099992752077,74.0
1308,0.03289499756278871,0.025823477506637573,69.0
1309,0.037451200658762,0.030298887491226195,72.0
1310,0.0367810016238614,0.03289214491844177,66.0
1311,0.03343548704693212,0.02981484293937683,70.0
1312,0.04118468587675804,0.03257102727890015,73.0
1313,0.036136702693338636,0.03026370644569397,68.0
1314,0.035339891792664044,0.025980035066604613,74.0
1315,0.035479925502138805,0.031723419427871706,73.0
1316,0.037109802064450484,0.033288238048553465,68.0
1317,0.2603601440079982,0.034680129289627076,68.0
1318,0.15286714786404296,0.03897028088569641,62.0
1319,0.06424027466792849,0.026661157608032227,71.0
1320,0.06291086440080706,0.029369827508926392,64.0
1321,0.07348602715455278,0.030908875465393067,69.0
1322,0.029353655756840222,0.03308606743812561,74.0
1323,0.0363849488358143,0.031290807723999024,70.0
1324,0.04456840947276288,0.028905951976776124,74.0
1325,0.0272388472634403,0.03201228737831116,69.0
1326,0.02689316025876169,0.029689996242523192,72.0
1327,0.026200023550493053,0.023986652493476868,73.0
1328,0.03461764800020411,0.027093414068222046,69.0
1329,0.04823006709589611,0.025886019468307497,71.0
1330,0.09568736972169409,0.03330910921096802,73.0
1331,0.030042610237304167,0.028745819330215455,72.0
1332,0.026820541005817395,0.035055466890335084,70.0
1333,0.19789123848740814,0.04130419492721558,66.0
1334,0.18922052223565458,0.030333129167556764,68.0
1335,0.02857382898513652,0.030571128129959105,71.0
1336,0.028241482987716983,0.028694998025894165,74.0
1337,0.023775102311297307,0.032183228731155394,70.0
1338,0.02578483909792915,0.030566871166229248,70.0
1339,0.024237866407331034,0.02923543095588684,70.0
1340,0.022010766889286947,0.03613028883934021,67.0
1341,0.16729243277701772,0.03234240472316742,72.0
1342,0.34447329915777036,0.02937842845916748,73.0
1343,0.09519930938376656,0.026322942972183228,72.0
1344,0.031151716609167147,0.029112814664840697,69.0
1345,0.02590851371376952,0.031302319765090944,65.0
1346,0.03192158103507908,0.029043456315994264,70.0
1347,0.0287777918355563,0.034966312646865845,69.0
1348,0.02296765558303723,0.03287718415260315,69.0
1349,0.04359607933725737,0.037056466341018675,66.0
1350,0.08840752183164977,0.03135769248008728,69.0
1351,0.023416474367244335,0.034367432594299314,69.0
1352,0.03566895894517627,0.0345432710647583,68.0
1353,0.023427092611695392,0.029684406518936158,75.0
1354,0.040598303834094275,0.031101052761077882,70.0
1355,0.24629350640822814,0.0220086145401001,67.0
1356,0.33929626870004437,0.023369153738021852,71.0
1357,0.0514536558214245,0.025535284280776976,73.0
1358,0.026935550643579116,0.030840624570846558,68.0
1359,0.028981216558361354,0.03291670680046081,67.0
1360,0.04074007939971701,0.03242197871208191,69.0
1361,0.02616156846332022,0.033158907890319826,70.0
1362,0.025494768573089115,0.030387135744094847,68.0
1363,0.02163624516511454,0.03243135571479797,70.0
1364,0.026418994393058216,0.034280219078063966,69.0
1365,0.024824881584301024,0.03035131812095642,70.0
1366,0.020363380342627628,0.03900435447692871,65.0
1367,0.20596052468105963,0.027168883085250853,70.0
1368,0.15032772248304344,0.0276199471950531,73.0
1369,0.03382824429699892,0.030942628383636473,69.0
1370,0.02084375693922556,0.03394701242446899,71.0
1371,0.023181073650529113,0.029098799228668214,70.0
1372,0.023379850755386716,0.03002339243888855,71.0
1373,0.0181490390125332,0.03187968254089355,72.0
1374,0.018044161869660964,0.02935732841491699,72.0
1375,0.021155979342852967,0.0325465190410614,70.0
1376,0.45446642274862226,0.03151535511016846,66.0
1377,0.22346223886065844,0.025712008476257323,69.0
1378,0.17704909525905985,0.023494821786880494,72.0
1379,0.14834006319317636,0.030682718753814696,71.0
1380,0.14003948523085327,0.02524161159992218,67.0
1381,0.12337985917737213,0.0283011519908905,64.0
1382,0.17041739029220387,0.02791003108024597,65.0
1383,0.1126545746398123,0.02734272003173828,67.0
1384,0.082970555329436,0.025160293579101562,68.0
1385,0.12260296490467802,0.027378387451171875,70.0
1386,0.09309521218455291,0.03062507152557373,61.0
1387,0.1168499035359938,0.03197699785232544,61.0
1388,0.20095497058539452,0.024689220190048218,68.0
1389,0.07809638050443764,0.024184786081314087,68.0
1390,0.08352608924519413,0.02293660044670105,66.0
1391,0.06761259385207787,0.031258579492568966,64.0
1392,0.1153386479031436,0.024302982091903687,74.0
1393,0.0779550053839442,0.027423819303512575,68.0
1394,0.060259443295152884,0.022415001392364502,73.0
1395,0.08412847005396704,0.029097564220428467,66.0
1396,0.08364854898020814,0.026980671882629394,68.0
1397,0.05724797434397513,0.034079238176345825,68.0
1398,0.06607889817862571,0.025942920446395873,71.0
1399,0.05312176763162583,0.03586704015731811,66.0
1400,0.4459818155516552,0.01675445258617401,65.0
1401,0.32956763187163995,0.023494012355804443,66.0
1402,0.2673640045561368,0.02156467139720917,67.0
1403,0.13227848175771628,0.029717988967895508,66.0
1404,0.08030081747830668,0.02786853313446045,69.0
1405,0.07255274373330647,0.02576403260231018,66.0
1406,0.056071756832018683,0.025331635475158692,71.0
1407,0.06184923306956321,0.029008671045303344,67.0
1408,0.09233735975679717,0.02701436519622803,72.0
1409,0.06159995842866505,0.030343217849731444,69.0
1410,0.05581073684594299,0.02966849207878113,71.0
1411,0.11040615467236767,0.027436543703079224,72.0
1412,0.04381040893966639,0.02999545693397522,73.0
1413,0.050546651871144016,0.02883618712425232,72.0
1414,0.14166575785773464,0.028735468387603758,70.0
1415,0.06341595770909061,0.02905346989631653,71.0
1416,0.04063058451195307,0.036172833442687985,66.0
1417,0.06706655454597896,0.02479201018810272,72.0
1418,0.12375766055399104,0.03300828814506531,66.0
1419,0.1737949731229227,0.037497985363006595,62.0
1420,0.18571926365736163,0.027505390644073487,68.0
1421,0.04243883641460274,0.029154061079025267,68.0
1422,0.05429539237690123,0.033923792839050296,65.0
1423,0.041819886198338076,0.028053546547889708,69.0
1424,0.03926131712815052,0.028955142498016357,69.0
1425,0.03603616124608471,0.029851101636886597,69.0
1426,0.03528900363164235,0.030971235036849974,69.0
1427,0.03946375936458382,0.03118174195289612,69.0
1428,0.056285345172391664,0.034510499238967894,67.0
1429,0.04890156769535587,0.03362024784088135,68.0
1430,0.03751450342043668,0.03519590973854065,71.0
1431,0.1510943833007654,0.03414705634117127,62.0
1432,0.22696270251387282,0.02548665463924408,69.0
1433,0.04037924446872895,0.030018949508666994,67.0
1434,0.03893520529794542,0.03204200506210327,69.0
1435,0.037610051174989986,0.03697464108467102,63.0
1436,0.3482807889297793,0.026199029684066774,67.0
1437,0.4399182106120677,0.015534395575523377,66.0
1438,0.3774207664441459,0.014252784848213195,69.0
1439,0.2963611307212069,0.016484927535057068,66.0
1440,0.09418168385760693,0.023543368577957153,68.0
1441,0.0662565150215656,0.030367300510406495,68.0
1442,0.05666925562427768,0.02751787543296814,69.0
1443,0.04909743553711266,0.03261512994766235,71.0
1444,0.15268523644514476,0.037473617792129515,63.0
1445,0.12454365597023995,0.026894381046295168,69.0
1446,0.04231644395880307,0.02779156804084778,70.0
1447,0.04410318684870306,0.030719995498657227,67.0
1448,0.03303897468066668,0.025493749976158143,69.0
1449,0.03993381366510935,0.026558979749679565,69.0
1450,0.0615736040039153,0.02655966639518738,72.0
1451,0.12619793676783012,0.034710079431533813,71.0
1452,0.03426125252477919,0.032249245643615726,69.0
1453,0.026980303074645846,0.03111953854560852,72.0
1454,0.027187262815010698,0.03225101351737976,68.0
1455,0.09911116618144361,0.03815677404403686,65.0
1456,0.04974560557475573,0.03747582912445068,65.0
1457,0.10806464047843142,0.030586804151535033,70.0
1458,0.09941881949294216,0.03131735682487488,67.0
1459,0.0969932617360278,0.030827507972717286,67.0
1460,0.03674900022488606,0.026758993268013,73.0
1461,0.0285859918811276,0.026324928402900696,69.0
1462,0.022327920716680303,0.03416598677635193,68.0
1463,0.0281790094685894,0.03581640124320984,68.0
1464,0.027459548562293566,0.02919008493423462,71.0
1465,0.10379251349817584,0.027953773736953735,69.0
1466,0.02534347539178178,0.03753692984580994,70.0
1467,0.05290593164442461,0.03453599691390991,61.0
1468,0.06898200319773412,0.032775951623916624,71.0
1469,0.03502790672303755,0.03905022144317627,64.0
1470,0.4417910949338841,0.019173994064331054,75.0
1471,0.1316118309910916,0.025105113983154296,69.0
1472,0.03607197410038,0.02775870680809021,68.0
1473,0.026829708756619615,0.027776769399642944,71.0
1474,0.027549825591046975,0.02818724751472473,71.0
1475,0.039178989202821556,0.03183364987373352,73.0
1476,0.033373579571518715,0.029179596900939943,71.0
1477,0.022493085903528182,0.033334133625030515,71.0
1478,0.02531731653298381,0.03214782357215881,64.0
1479,0.03067854441160077,0.029540971517562867,71.0
1480,0.02006087106758658,0.033770686388015746,68.0
1481,0.09781985227725928,0.0371144163608551,65.0
1482,0.27329167058762116,0.026836901307106018,75.0
1483,0.04180084126470964,0.02946973443031311,68.0
1484,0.025428941001809095,0.029207497239112853,68.0
1485,0.03228600479992507,0.03575904965400696,68.0
1486,0.06013013527410317,0.034351580142974854,67.0
1487,0.021151799378515797,0.02918495297431946,71.0
1488,0.02002793245158995,0.03545929908752441,69.0
1489,0.02321012326975978,0.03349079966545105,69.0
1490,0.021073513628938532,0.04025915741920471,66.0
1491,0.023259797392861,0.03833654880523682,68.0
1492,0.020387948201851375,0.02892993628978729,69.0
1493,0.19566225167363882,0.055864500999450686,58.0
1494,0.2736166370207373,0.024941356778144838,64.0
1495,0.10472084577136402,0.024220676422119142,77.0
1496,0.07328911227044425,0.029632326364517212,65.0
1497,0.02824007280029451,0.03155633330345154,74.0
1498,0.01988801719691557,0.031210780143737793,66.0
1499,0.027721115340820595,0.03414490461349487,71.0
1500,0.01996925600680605,0.03169440150260925,72.0
1501,0.016945507742841787,0.03353389263153076,68.0
1502,0.01788428056207073,0.027612054347991945,70.0
1503,0.020599510296707667,0.030777194499969483,71.0
1504,0.022069387220412115,0.0334125804901123,69.0
1505,0.0173721290429276,0.03322301149368286,73.0
1506,0.05610796000478389,0.03264547824859619,66.0
1507,0.48315076605428625,0.018808050751686095,67.0
1508,0.17855900488322293,0.027070046663284303,69.0
1509,0.03773026512582091,0.02796633541584015,71.0
1510,0.026923063458709776,0.03247551321983337,66.0
1511,0.02980291977807691,0.032610894441604615,69.0
1512,0.06701838328868528,0.030525370836257934,71.0
1513,0.020463429308861872,0.037476284503936766,69.0
1514,0.11737616022730459,0.03232972145080566,72.0
1515,0.066360162193828,0.03193868160247803,67.0
1516,0.019883345508995124,0.032978214025497436,73.0
1517,0.02203941844474477,0.03328330397605896,73.0
1518,0.017310790794229584,0.03727216958999634,73.0
1519,0.01835891003189962,0.03619915246963501,69.0
1520,0.017644271985450877,0.03093677878379822,71.0
1521,0.07706359317054666,0.03852627992630005,63.0
1522,0.20713182493949991,0.0344876492023468,63.0
1523,0.03456446521361418,0.03185916304588318,70.0
1524,0.016746489755526374,0.03569670438766479,70.0
1525,0.016807834382015694,0.03098791718482971,70.0
1526,0.03404091692329207,0.04814474105834961,59.0
1527,0.18365854052406783,0.03373790860176087,71.0
1528,0.11832383752482224,0.02844434857368469,68.0
1529,0.022422764992600756,0.029267301559448244,69.0
1530,0.016893817907600087,0.032870920896530154,70.0
1531,0.01941909519601849,0.027569600343704224,71.0
1532,0.1492141384890751,0.038563581705093386,62.0
1533,0.09176050064071448,0.032058573961257934,70.0
1534,0.019814817953996266,0.03130919098854065,70.0
1535,0.016542495275505737,0.034436005353927615,72.0
1536,0.014512062998182034,0.03209670543670654,72.0
1537,0.014213788205215449,0.03420978903770447,71.0
1538,0.014338437137724478,0.03385165333747864,68.0
1539,0.013688107056519653,0.03566776990890503,71.0
1540,0.18566570923769776,0.033799830675125125,67.0
1541,0.09067120216786861,0.03456342101097107,62.0
1542,0.15601859133266197,0.028623306751251222,73.0
1543,0.02460452058364319,0.03508512854576111,68.0
1544,0.01925629654404106,0.02691368103027344,64.0
1545,0.0711619573279838,0.03536196827888489,69.0
1546,0.17648698248063463,0.02962949752807617,69.0
1547,0.2584748772692077,0.025030381679534912,67.0
1548,0.03650651173076675,0.029246253967285155,73.0
1549,0.019056198010339014,0.03152810096740723,72.0
1550,0.015559365389326328,0.02936782956123352,69.0
1551,0.01680652670491534,0.030374256372451783,67.0
1552,0.013843330312991821,0.03480596542358398,73.0
1553,0.01364812266694594,0.03257029891014099,70.0
1554,0.01619492666324294,0.033105704784393314,66.0
1555,0.014095094049042916,0.03348666429519653,70.0
1556,0.012162284371502038,0.03129282116889954,70.0
1557,0.01344985009135702,0.030365465879440307,68.0
1558,0.08360680065978365,0.03712252616882324,69.0
1559,0.7028362967922718,0.017738885283470153,69.0
1560,0.23264104731475252,0.02211567461490631,65.0
1561,0.24167037745819817,0.020475422739982607,66.0
1562,0.27230580132218857,0.018060030937194823,67.0
1563,0.18612537712235994,0.022908142805099486,67.0
1564,0.16706056223262714,0.024194973707199096,60.0
1565,0.199894702038433,0.022291332483291626,64.0
1566,0.13890077607541146,0.022224119901657104,68.0
1567,0.168820509804955,0.01889869451522827,68.0
1568,0.14849481712790985,0.026327636241912842,62.0
1569,0.14449864894717554,0.026180174350738526,67.0
1570,0.20606701623035384,0.0249549400806427,66.0
1571,0.11571445202902902,0.027090497016906738,66.0
1572,0.13422993532841718,0.02716207504272461,68.0
1573,0.13001892366741277,0.028956172466278077,67.0
1574,0.13205415128341205,0.026098395586013793,68.0
1575,0.1331386593512342,0.026091623306274413,63.0
1576,0.10863936904676352,0.02975656270980835,65.0
1577,0.1074932767667725,0.02333681583404541,67.0
1578,0.11536417561995832,0.025636258125305175,68.0
1579,0.16771418681438965,0.03176906108856201,59.0
1580,0.16116671594260615,0.032960103750228884,63.0
1581,0.11066069538834729,0.0297215473651886,67.0
1582,0.10453386114367956,0.019342824816703796,74.0
1583,0.09998739652241333,0.02869631886482239,68.0
1584,0.1277293919385234,0.024886608719825745,62.0
1585,0.1973164232471321,0.02643419861793518,69.0
1586,0.17054779506936857,0.030538198947906495,59.0
1587,0.12936782773254038,0.026856682300567626,67.0
1588,0.0915899029402416,0.027834548950195312,68.0
1589,0.09584208966904803,0.025563669204711915,65.0
1590,0.11049960096237026,0.027299176454544067,69.0
1591,0.120037184627373,0.025675444602966307,65.0
1592,0.16196348584150966,0.025578285455703734,68.0
1593,0.1243758159159105,0.027991478443145753,68.0
1594,0.1017320365468158,0.029113943576812743,63.0
1595,0.1740498137719269,0.030804847478866578,68.0
1596,0.14316777168195458,0.02602477788925171,65.0
1597,0.10141882075209029,0.028655030727386475,68.0
1598,0.08108680622204195,0.025177720189094543,70.0
1599,0.08246441628736785,0.030199916362762452,69.0
1600,0.11621075481930866,0.028679429292678832,68.0
1601,0.09298894530798815,0.027772594690322876,69.0
1602,0.1106999205731893,0.02926598310470581,72.0
1603,0.0738607689361029,0.03480446577072144,67.0
1604,0.08249408749368371,0.02670224666595459,68.0
1605,0.10167726631500298,0.028135100603103636,68.0
1606,0.0886942779739635,0.029186960458755493,69.0
1607,0.09717960905613779,0.027562572956085205,68.0
1608,0.08716984916053995,0.026804385781288145,69.0
1609,0.07261813398969325,0.03532345294952392,59.0
1610,0.1187676576119435,0.031969634294509885,69.0
1611,0.08934596242218078,0.028774971961975097,66.0
1612,0.10495092936708958,0.030903583765029906,68.0
1613,0.06727615614197677,0.02584170699119568,68.0
1614,0.07553922073750556,0.02895300030708313,67.0
1615,0.11496450966577741,0.02757978320121765,71.0
1616,0.38765132163144367,0.021644859313964843,66.0
1617,0.13548465366652118,0.034286385774612425,62.0
1618,0.10394387517737437,0.026999562978744507,66.0
1619,0.11649031022304221,0.024498298168182372,70.0
1620,0.20052661666575866,0.02583626866340637,69.0
1621,0.0701896793244383,0.029500452280044557,67.0
1622,0.06582085783534412,0.029618207216262817,66.0
1623,0.08348586563539656,0.03256760478019714,64.0
1624,0.06928454103726375,0.030020201206207277,69.0
1625,0.09613025509103944,0.027509827613830567,68.0
1626,0.06328111863400362,0.029153140783309935,64.0
1627,0.060548546052054515,0.026371386647224427,68.0
1628,0.19686637573604343,0.029816297292709352,66.0
1629,0.10043637761610406,0.029607750177383423,70.0
1630,0.059232140761576124,0.02760192155838013,67.0
1631,0.06102719584692128,0.026372016668319703,70.0
1632,0.05948810574091688,0.03357588171958923,69.0
1633,0.08325349982780746,0.031373181343078614,68.0
1634,0.07509807494905175,0.027239534854888916,69.0
1635,0.08062260149966312,0.03468941569328308,73.0
1636,0.17885607165060466,0.03182802319526672,67.0
1637,0.06620440792433824,0.03004306435585022,69.0
1638,0.05919275074442731,0.03521698713302612,67.0
1639,0.05843086198821098,0.03618981719017029,65.0
1640,0.07679632956845851,0.03317248225212097,65.0
1641,0.05855068855600644,0.032419945001602175,68.0
1642,0.08358370628255078,0.035201892852783204,69.0
1643,0.1050181028114844,0.03783641457557678,68.0
1644,0.26598366694171216,0.03220095872879028,65.0
1645,0.06542058032053182,0.03142784476280212,65.0
1646,0.0774507449491869,0.03288366317749023,66.0
1647,0.12691860646009445,0.02767830491065979,64.0
1648,0.11300918577781206,0.03046050786972046,67.0
1649,0.060167305595889876,0.03133963227272034,65.0
1650,0.05367987914175927,0.029929267168045046,68.0
1651,0.05061174646208558,0.02947746992111206,69.0
1652,0.05342920454619806,0.034980080127716064,68.0
1653,0.04795983341770082,0.03300623178482056,67.0
1654,0.05975930548355549,0.03302121162414551,67.0
1655,0.04799223533253881,0.02847179651260376,66.0
1656,0.07656049782622464,0.03856483221054077,69.0
1657,0.06302400869376297,0.03394634485244751,68.0
1658,0.050439987402362156,0.03591761112213135,67.0
1659,0.12364348561703405,0.03485003590583801,70.0
1660,0.2121307752271996,0.027676799297332765,67.0
1661,0.1374371619069878,0.03352977514266968,67.0
1662,0.04948894872884207,0.028250304460525514,69.0
1663,0.04842710190841669,0.027711068391799928,70.0
1664,0.07201733067631721,0.02965575933456421,70.0
1665,0.09148766850180264,0.03068115234375,67.0
1666,0.13595244788293598,0.029063949584960936,66.0
1667,0.06185841385888148,0.027739951610565184,70.0
1668,0.044776124390478754,0.02721847951412201,71.0
1669,0.04406206676429963,0.03208789110183716,68.0
1670,0.04308459826426793,0.035221537351608274,68.0
1671,0.05542636011974721,0.031513160467147826,70.0
1672,0.2249143962288582,0.032741811275482174,68.0
1673,0.0633004182313062,0.029678221940994263,66.0
1674,0.133363658185058,0.026606836318969727,71.0
1675,0.04355320362727853,0.028704402446746827,71.0
1676,0.0985749288509258,0.03216883420944214,70.0
1677,0.05293015984794761,0.03177403807640076,72.0
1678,0.04732195603885228,0.032484904527664185,69.0
1679,0.055291809801813925,0.03334818243980408,67.0
1680,0.04012968868040775,0.03149829983711243,67.0
1681,0.044393182331342484,0.034428768157958985,68.0
1682,0.03621409284068814,0.033083009719848636,70.0
1683,0.053066991953344286,0.03486191511154175,63.0
1684,0.057566399485627306,0.03436713218688965,67.0
1685,0.03835044201769972,0.033488695621490476,66.0
1686,0.2713742151007622,0.021518611311912537,67.0
1687,0.08301861518168752,0.030101135969161988,68.0
1688,0.053274356394628936,0.028184987902641297,70.0
1689,0.036390753309655036,0.031004626750946045,68.0
1690,0.032171031613421594,0.03128417849540711,67.0
1691,0.035526730073026466,0.03340260624885559,67.0
1692,0.03461133885562797,0.03207777857780456,68.0
